3e2840fd8f78987416599e54f28c8985|3655303513,2359,gcps.lua.gz
8a89dfcccd462d8a043d1d7638e218d8|0795622180,2315,images/button/u_tb_denglu_fanmang.png.gz
c400849c8000b02b4c301572d2829468|2690568594,2484,images/button/u_tb_denglu_kongxian.png.gz
b87db65f22ded4997b2d48fe19a516d3|1519309886,1941,images/button/u_tb_denglu_weihu.png.gz
373fb8ac9352605e2c8938ecf54808ae|1132343905,2293,images/button/u_tb_denglu_yongji.png.gz
e30c1bb5abde1fdceda92c38656ce534|2222548243,1965,images/IconArrowDown.png.gz
5b4da57e60c74c2c6e8e5906a5299514|0534018816,1172,images/IconArrowDownX.png.gz
7a680477137a38f3790ea5c803524042|2926205059,1923,images/IconArrowUP.png.gz
0098921f015fe364ec467c239a2627b4|4025613177,1148,images/IconArrowUPX.png.gz
e832be91778460ca64640d471b5335d3|2280916300,270,images/kaishi_kuang1.png.gz
1bd3d1ba30357d37c2962561146fb714|3226763164,248,images/kaishi_kuang2.png.gz
5840ff78e7f840b2990345addc2b0ee2|4248065580,235,images/kaishi_kuang3.png.gz
1b2a29639b2b8108d2b72fafe929662c|2487744550,73768,images/MassageShadowMain.png.gz
e642dd0723fbc68f5d795a44d7fd5d0b|0810246049,2454,images/ui_zi_biaoti_bangdingzhanghao.png.gz
bc0e588ea764b6115ae703e1bf3ec994|1382931757,2453,images/ui_zi_biaoti_chuangjianzhanghao.png.gz
469a634233c1a0ebdbcf43af1990e8a9|0649157850,2548,images/ui_zi_biaoti_dengluyouxi.png.gz
32664a026da84f306d7037e2ebf70704|2807298631,2530,images/ui_zi_biaoti_xiugaimima.png.gz
2d6e2a0c263852285df4c22ea5701bb3|3674663946,2511,images/ui_zi_biaoti_xuanzefuwuqi.png.gz
a8471f957785433720d5159cc062afa3|0073927219,2381,images/u_denglu_jiaobiao_tuijian.png.gz
2e7f8585120f699cc46587bbb1ae0e87|0514875340,510,lang.ini.gz
c9989a594d131763f6a0f017dc3d148e|1941750022,168997,scripts/client_table_msg.lua.gz
119ab271df8d640d78225b2f1afcb5d9|3758158292,100893,scripts/crystal_blood.lua.gz
2d5a71bad70c63f9bc0b13613906e77c|2121122857,33673,scripts/faerie_star.lua.gz
e55c44c60dffb6c32db70847034a8357|0185637831,199947,scripts/item_equipment.lua.gz
5080c81bd2c0547209516464995ccd36|3990515340,38001,scripts/item_equipment_level.lua.gz
2bc2f3291cadb284190930b5cb1f43eb|0461625310,76523,scripts/item_gift.lua.gz
b9218c9a260d802028072a1038a11aa5|4127796807,274227,scripts/map_ai.lua.gz
2766f5fa5955140d230f169dbbaca0ce|2229629375,162888,scripts/map_monsterbase.lua.gz
c3935c80f1cd021fcaf15d2248897340|2155494802,1415025,scripts/map_role.lua.gz
cb31615e272d937688e7b9692a5054e3|0154325443,611240,scripts/map_roomdata.lua.gz
7a1f2f8009ed53cef1d247d4f1fccaa4|3487857063,513326,scripts/map_stage.lua.gz
2460026a5afbb61c3ef57325c5b0465d|3612989983,67967,scripts/other_drops.lua.gz
101339d3cd2be9d7b27c13dadc690dd7|1297057683,82580,scripts/other_exp.lua.gz
f893927802f72e22b4caf1555dbb814c|2927722403,44365,scripts/other_segmation_treasure.lua.gz
d8c79a3e0bb8acc0890141790da8c95c|0642505867,48169,scripts/other_super_cost.lua.gz
d6187af1e14cd996c9e676bf7eef2580|1704108599,430437,scripts/skill_action.lua.gz
8684e51cc7acafd46a1badb41a80bf7a|3660790475,227824,scripts/skill_base.lua.gz
97df2856e4ee3c100ba1b17541ab3310|2682769591,214768,scripts/skill_displacement.lua.gz
d71dcff48c0c49b9b9ab03d55b5a1878|2049757567,433741,scripts/skill_effects.lua.gz
afd0fc8acea7e561d99af0764a1e9353|1321136969,100189,scripts/skill_hurt.lua.gz
d9ccfe4ba48689b192414ebc750463c1|3558652091,475800,scripts/skill_level.lua.gz
2f3b15f65a190f48d6bf2ea97bfcd36f|3453714440,32012,scripts/sound_resource.lua.gz
424486680bc33f900ec5c2a571631315|1958873457,89108,scripts/spx_source.lua.gz
27574341efaa5daf777c05e319879a5a|1209478444,183150,scripts/total_name.lua.gz
e54ea8e978c319647285100ebcabb037|1221440866,5051344,ssof.gz
0367a9601a5550ebabb59cf726aa19ec|3206337475,25,version.gz
